Persona,Código de afiliado,Plan,Reclamos,Pendientes,Facturado,Aprobado,Denegado,% aprobación,Prima del período,Siniestralidad %,Moneda
Ricardo Condori Apaza,AF-20007,Plan Integral,5,0,2495.04,1700.94,794.10,68.2,5409.00,31.4,BOB
Hugo Loya Camarillo,AF-20032,Plan Integral,3,0,3017.33,1533.07,1484.26,50.8,5409.00,28.3,BOB
Yolanda Virginia Quintanilla Maldonado,AF-20048,Plan Integral,6,0,2701.07,1497.00,1204.07,55.4,5409.00,27.7,BOB
Ramona Ojeda Navarrete,AF-20055,Plan Integral,2,0,2192.28,1389.92,802.36,63.4,5409.00,25.7,BOB
Tomás Cervántez Velasco,AF-20026,Plan Integral,3,0,2197.20,1387.08,810.12,63.1,5409.00,25.6,BOB
Joaquín Gustavo Arevalo Corona,AF-20054,Plan Integral,5,1,1874.15,1366.08,411.80,76.8,5409.00,25.3,BOB
Leticia Navarro Fierro,AF-20052,Plan Integral,4,0,1662.80,1278.35,384.45,76.9,5409.00,23.6,BOB
José Eduardo Montero Zavala,AF-20013,Plan Familiar,4,0,2333.99,1781.84,552.15,76.3,8173.60,21.8,BOB
María Reyna Orosco,AF-20040,Plan Integral,5,0,1657.54,1138.64,518.90,68.7,5409.00,21.1,BOB
Octavio Rolón Manzanares,AF-20050,Plan Integral,3,0,1367.74,1018.05,349.69,74.4,5409.00,18.8,BOB
María del Carmen Delacrúz Quezada,AF-20037,Plan Integral,1,0,1201.59,961.27,240.32,80.0,5409.00,17.8,BOB
Rosario Monroy Lozano,AF-20039,Plan Familiar,4,0,1777.19,1279.67,497.52,72.0,8173.60,15.7,BOB
Manuel Arreola Montero,AF-20056,Plan Integral,5,1,3076.48,819.62,1828.80,30.9,5409.00,15.2,BOB
Pedro Aguilera Patiño,AF-20051,Plan Oro,5,1,2479.17,1600.16,752.69,68.0,11058.40,14.5,BOB
Armando Víctor Olivas Laboy,AF-20041,Plan Familiar,5,0,1815.76,1182.32,633.44,65.1,8173.60,14.5,BOB
Patricia Cavazos Carrasquillo,AF-20045,Plan Integral,2,0,1255.51,707.36,548.15,56.3,5409.00,13.1,BOB
Óscar Rivas Márquez,AF-20023,Plan Oro,6,0,2500.26,1397.27,1102.99,55.9,11058.40,12.6,BOB
Bernardo Miguel Angulo Montañez,AF-20038,Plan Familiar,4,0,2424.99,892.32,1532.67,36.8,8173.60,10.9,BOB
Natalia Padilla Durán,AF-20029,Plan Integral,3,0,851.99,538.73,313.26,63.2,5409.00,10.0,BOB
Marta Quispe Huanca,AF-20010,Plan Oro,1,0,1321.92,1057.53,264.39,80.0,11058.40,9.6,BOB
Ester María Eugenia Noriega Tapia,AF-20017,Plan Oro,4,1,3110.15,1018.97,1967.86,34.1,11058.40,9.2,BOB
Clemente Hernán Montenegro Montéz,AF-20047,Plan Oro,4,0,1548.86,996.44,552.42,64.3,11058.40,9.0,BOB
Jorge Luis Mamani Choque,AF-20001,Plan Oro,1,0,1115.91,892.73,223.18,80.0,11058.40,8.1,BOB
Alfonso Rafael Agosto Armendáriz,AF-20028,Plan Oro,3,0,1084.40,792.88,291.52,73.1,11058.40,7.2,BOB
Catalina Navarrete Gaitán,AF-20059,Plan Oro,4,0,949.45,728.92,220.53,76.8,11058.40,6.6,BOB
Juan Ramón Camacho Quintanilla,AF-20018,Plan Integral,4,1,756.84,338.73,248.57,57.7,5409.00,6.3,BOB
Pablo Torrez Nina,AF-20005,Plan Oro,3,0,1118.52,674.53,443.99,60.3,11058.40,6.1,BOB
Manuela Ontiveros Valladares,AF-20035,Plan Familiar,4,1,1857.73,495.56,1057.21,31.9,8173.60,6.1,BOB
Gonzalo Gonzalo Sisneros Tirado,AF-20021,Plan Oro,4,0,1407.73,641.76,765.97,45.6,11058.40,5.8,BOB
Teodoro Óscar Zamora Alonso,AF-20049,Plan Familiar,6,0,888.72,460.17,428.55,51.8,8173.60,5.6,BOB
Carlota Andrea Castro León,AF-20025,Plan Oro,4,0,982.64,613.00,369.64,62.4,11058.40,5.5,BOB
Patricio Téllez Longoria,AF-20014,Plan Familiar,3,0,798.90,433.05,365.85,54.2,8173.60,5.3,BOB
Adela Beatriz Méndez Gamboa,AF-20030,Plan Oro,4,0,853.45,559.25,294.20,65.5,11058.40,5.1,BOB
Reina Velásquez Berríos,AF-20057,Plan Familiar,2,0,517.16,365.13,152.03,70.6,8173.60,4.5,BOB
Raquel Parra Montaño,AF-20053,Plan Oro,3,1,847.17,463.22,254.30,64.6,11058.40,4.2,BOB
Sebastián Rivero Melgar,AF-20011,Plan Oro,3,0,788.90,435.41,353.49,55.2,11058.40,3.9,BOB
Valentina Medina Roca,AF-20008,Plan Oro,3,0,672.10,349.90,322.20,52.1,11058.40,3.2,BOB
Luis Miguel Rincón Valle,AF-20015,Plan Oro,3,0,663.58,332.73,330.85,50.1,11058.40,3.0,BOB
Lourdes Barreto Pineda,AF-20020,Plan Familiar,2,0,568.37,234.68,333.69,41.3,8173.60,2.9,BOB
Rosario Laura Riojas Domínguez,AF-20027,Plan Oro,2,0,484.99,279.65,205.34,57.7,11058.40,2.5,BOB
María López Collado,AF-20024,Plan Integral,3,1,916.46,135.87,380.34,26.3,5409.00,2.5,BOB
Andrés Solíz Rojas,AF-20009,Plan Oro,2,0,494.65,247.32,247.33,50.0,11058.40,2.2,BOB
Alicia Salcedo Avilés,AF-20033,Plan Integral,1,0,225.44,112.72,112.72,50.0,5409.00,2.1,BOB
Carmen Paredes Ibáñez,AF-20012,Plan Oro,2,0,253.39,202.70,50.69,80.0,11058.40,1.8,BOB
Ana Lucía Pérez Quiroga,AF-20000,Plan Integral,5,3,899.15,91.01,158.14,36.5,5409.00,1.7,BOB
Jorge Germán Espinal Collado,AF-20019,Plan Familiar,2,0,217.34,115.08,102.26,52.9,8173.60,1.4,BOB
Alfonso Federico Ayala Rangel,AF-20058,Plan Familiar,2,0,274.41,111.37,163.04,40.6,8173.60,1.4,BOB
Hermenegildo Cazares Ponce,AF-20031,Plan Integral,3,1,503.47,78.20,280.68,21.8,5409.00,1.4,BOB
Alfonso Barrientos Puente,AF-20034,Plan Integral,3,1,761.92,75.46,566.50,11.8,5409.00,1.4,BOB
Elena María Guzmán Arauz,AF-20004,Plan Oro,1,0,261.24,130.62,130.62,50.0,11058.40,1.2,BOB
Carlos Guevara Campos,AF-20016,Plan Familiar,2,0,414.79,96.46,318.33,23.3,8173.60,1.2,BOB
Arturo Rodrigo Ozuna Acevedo,AF-20043,Plan Integral,3,1,724.30,67.61,307.21,18.0,5409.00,1.2,BOB
Daniela Flores Cuéllar,AF-20002,Plan Oro,5,1,920.07,117.26,589.20,16.6,11058.40,1.1,BOB
Lucía Vaca Díez,AF-20006,Plan Oro,2,0,194.54,38.10,156.44,19.6,11058.40,0.3,BOB
Ernesto Aragón Madrid,AF-20046,Plan Oro,2,0,216.71,0.00,216.71,0.0,11058.40,0.0,BOB
Germán Agustín Vargas Ulibarri,AF-20022,Plan Integral,1,0,85.64,0.00,85.64,0.0,5409.00,0.0,BOB
Martín Rocha Antelo,AF-20003,Plan Integral,1,1,83.44,0.00,0.00,Sin dictaminar,5409.00,0.0,BOB
Rosario Tamez Pulido,AF-20042,Plan Familiar,1,0,1390.86,0.00,1390.86,0.0,8173.60,0.0,BOB